{
  "models": {
    "GRU-MTPP": {
      "pr_auc": 1.0,
      "auroc": 1.0,
      "f1": 0.9965753424657535,
      "lead_time_ms": 1331.2886597938145
    },
    "S2P2-NHP": {
      "pr_auc": 0.9997686573198015,
      "auroc": 0.9983333333333333,
      "f1": 0.9931740614334471,
      "lead_time_ms": 1331.2886597938145
    }
  },
  "s2p2_architecture": {
    "paper": "Mei & Eisner (2017) The Neural Hawkes Process, NeurIPS 2017",
    "torch_version": "2.11.0+cpu",
    "cell": "CT-LSTM (7-gate continuous-time LSTM)",
    "intensity": "softplus (always positive)",
    "training_loss": "alpha*NLL_TPP + beta*BCE  (nll_weight=0.5)",
    "nll_integral_approx": "Monte Carlo n_mc=50",
    "embed_dim": 32,
    "hidden_dim": 64,
    "epochs": 30,
    "lr": 0.003,
    "batch_size": 32,
    "continuous_time_decay_implemented": true,
    "event_jump_update_implemented": true,
    "positive_intensity_head": true,
    "mask_correctness_tests": true,
    "ood_pr_auc": 0.9978840920131048,
    "p95_inference_latency_ms": 0.2665898860381628
  },
  "ablation_report": [
    {
      "objective": "BCE-only",
      "nll_weight": 0.0,
      "pr_auc": 0.9997686573198015,
      "auroc": 0.9983333333333333,
      "f1": 0.9796273724534216,
      "lead_time_ms": 1295.7525773195875
    },
    {
      "objective": "NLL+BCE",
      "nll_weight": 0.5,
      "pr_auc": 0.9997686573198015,
      "auroc": 0.9983333333333333,
      "f1": 0.9796273724534216,
      "lead_time_ms": 1295.7525773195875
    },
    {
      "objective": "NLL-heavy",
      "nll_weight": 1.0,
      "pr_auc": 0.9996998794508445,
      "auroc": 0.998,
      "f1": 0.9786049747782222,
      "lead_time_ms": 1295.7525773195875
    }
  ],
  "implementation_note": "Full Neural Hawkes Process (CT-LSTM) reproduction \u2014 Mei & Eisner NeurIPS 2017, trained with PyTorch 2.11.0+cpu.",
  "beats_mtpp_pr_auc": false
}