{
  "examples": 18000,
  "scenario_leakage": false,
  "splits": {
    "test": 3510,
    "train": 11070,
    "validation": 3420
  },
  "tasks": {
    "action_selection": {
      "false_blocks_per_100k": 4333.333333333333
    },
    "early_warning": {
      "mean_lead_time_ms": 1030.5463917525774,
      "sessions_warned": 97.0
    },
    "event_detection": {
      "auroc": 0.8343745704467354,
      "f1": 0.9002741603838246,
      "pr_auc": 0.9870404882455998,
      "precision_at_10": 1.0
    },
    "harm_estimation": {
      "mae": 0.24871794871794872,
      "rank_correlation": 0.4792686208827603
    },
    "ood_detection": {
      "auroc": 0.3906096135583315,
      "pr_auc": 0.5755836290594922
    },
    "session_classification": {
      "f1": 0.9065420560747663,
      "pr_auc": 1.0
    }
  }
}